{
  "left_camera": {
    "camera_matrix": [
      [
        677.2866032192088,
        0.0,
        1021.5607903456765
      ],
      [
        0.0,
        673.1534743751479,
        430.17908428392894
      ],
      [
        0.0,
        0.0,
        1.0
      ]
    ],
    "distortion": [
      [
        -0.31091937360549227,
        0.1399496186611095,
        0.004505751677823566,
        -0.001739599711590578,
        -0.03487023893097223
      ]
    ],
    "error": 1.0739210373834032
  },
  "right_camera": {
    "camera_matrix": [
      [
        939.5145697084232,
        0.0,
        949.2793883579131
      ],
      [
        0.0,
        890.9704990728493,
        539.454168426544
      ],
      [
        0.0,
        0.0,
        1.0
      ]
    ],
    "distortion": [
      [
        -0.34856256975117705,
        0.21886213217623546,
        -0.018793372002878908,
        -0.026308009036972915,
        -0.06900611984716207
      ]
    ],
    "error": 1.3343233347278938
  },
  "stereo": {
    "rotation": [
      [
        0.9809526541833029,
        -0.1938639765418647,
        0.012192163471213546
      ],
      [
        0.19423662979147666,
        0.979614303034672,
        -0.05126352443153512
      ],
      [
        -0.002005467023489224,
        0.05265525509642023,
        0.9986107360792535
      ]
    ],
    "translation": [
      [
        0.652029262279191
      ],
      [
        0.03836230396004996
      ],
      [
        0.2558290853227149
      ]
    ],
    "essential": [
      [
        -0.049768313671257225,
        -0.24859385421330615,
        0.051423709160979825
      ],
      [
        0.25226384344845476,
        -0.083928810931371,
        -0.64800431152089
      ],
      [
        0.08901636254033522,
        0.6461742601208441,
        -0.03389303749793844
      ]
    ],
    "fundamental": [
      [
        2.8016403842108313e-07,
        1.4080181228954851e-06,
        -0.0010879674096227184
      ],
      [
        -1.4974580564155012e-06,
        5.012670089398119e-07,
        0.003919363659841054
      ],
      [
        7.105997603986083e-05,
        -0.005045529010357903,
        1.0
      ]
    ],
    "error": 5.439095046074043,
    "baseline": 0.7014715576062412
  },
  "image_size": {
    "width": 1920,
    "height": 1080
  },
  "num_captures": 11
}